round,steps,loss,total_rewards,step
249,,"tensor(4.7846, grad_fn=<MseLossBackward>)",-36.2,44.0
250,,"tensor(2.6756, grad_fn=<MseLossBackward>)",-14.8,5.0
251,,"tensor(2.0013, grad_fn=<MseLossBackward>)",-17.8,6.0
252,,"tensor(2.8436, grad_fn=<MseLossBackward>)",-17.0,5.0
253,,"tensor(2.7194, grad_fn=<MseLossBackward>)",-14.8,5.0
254,,"tensor(3.3917, grad_fn=<MseLossBackward>)",-14.8,5.0
255,,"tensor(2.6187, grad_fn=<MseLossBackward>)",-15.6,6.0
256,,"tensor(1.7420, grad_fn=<MseLossBackward>)",-14.8,5.0
257,,"tensor(2.8850, grad_fn=<MseLossBackward>)",-17.8,6.0
258,,"tensor(1.0581, grad_fn=<MseLossBackward>)",-10.6,5.0
259,,"tensor(2.5076, grad_fn=<MseLossBackward>)",-13.8,6.0
260,,"tensor(2.1369, grad_fn=<MseLossBackward>)",-13.6,6.0
261,,"tensor(2.0511, grad_fn=<MseLossBackward>)",-14.8,5.0
262,,"tensor(2.0622, grad_fn=<MseLossBackward>)",-14.8,5.0
263,,"tensor(2.4756, grad_fn=<MseLossBackward>)",-18.8,7.0
264,,"tensor(3.0624, grad_fn=<MseLossBackward>)",-20.0,6.0
265,,"tensor(2.6932, grad_fn=<MseLossBackward>)",-15.8,6.0
266,,"tensor(2.5878, grad_fn=<MseLossBackward>)",-17.8,6.0
267,,"tensor(2.1343, grad_fn=<MseLossBackward>)",-12.8,5.0
268,,"tensor(2.1405, grad_fn=<MseLossBackward>)",-15.0,5.0
269,,"tensor(3.6553, grad_fn=<MseLossBackward>)",-15.8,6.0
270,,"tensor(4.0665, grad_fn=<MseLossBackward>)",-14.8,5.0
271,,"tensor(1.9361, grad_fn=<MseLossBackward>)",-14.8,5.0
272,,"tensor(3.2354, grad_fn=<MseLossBackward>)",-20.8,7.0
273,,"tensor(2.6997, grad_fn=<MseLossBackward>)",-17.0,5.0
274,,"tensor(3.2602, grad_fn=<MseLossBackward>)",-14.8,5.0
275,,"tensor(2.6896, grad_fn=<MseLossBackward>)",-14.8,5.0
276,,"tensor(2.0288, grad_fn=<MseLossBackward>)",-20.8,7.0
277,,"tensor(2.7360, grad_fn=<MseLossBackward>)",-17.0,5.0
278,,"tensor(1.7036, grad_fn=<MseLossBackward>)",-14.8,5.0
279,,"tensor(1.6415, grad_fn=<MseLossBackward>)",-17.8,6.0
280,,"tensor(4.0316, grad_fn=<MseLossBackward>)",-12.8,5.0
281,,"tensor(1.9098, grad_fn=<MseLossBackward>)",-12.8,5.0
282,,"tensor(3.1714, grad_fn=<MseLossBackward>)",-20.0,6.0
283,,"tensor(2.2550, grad_fn=<MseLossBackward>)",-23.8,8.0
284,,"tensor(2.1376, grad_fn=<MseLossBackward>)",-16.6,7.0
285,,"tensor(3.0787, grad_fn=<MseLossBackward>)",-14.8,5.0
286,,"tensor(2.8983, grad_fn=<MseLossBackward>)",-14.8,5.0
287,,"tensor(2.3345, grad_fn=<MseLossBackward>)",-14.8,5.0
288,,"tensor(3.1899, grad_fn=<MseLossBackward>)",-18.8,7.0
289,,"tensor(2.6540, grad_fn=<MseLossBackward>)",-17.2,8.0
290,,"tensor(2.6301, grad_fn=<MseLossBackward>)",-12.6,5.0
291,,"tensor(2.4940, grad_fn=<MseLossBackward>)",-17.8,6.0
292,,"tensor(2.7317, grad_fn=<MseLossBackward>)",-17.8,6.0
293,,"tensor(1.7328, grad_fn=<MseLossBackward>)",-12.6,5.0
294,,"tensor(2.2397, grad_fn=<MseLossBackward>)",-14.8,5.0
295,,"tensor(2.0246, grad_fn=<MseLossBackward>)",-14.8,5.0
296,,"tensor(3.7273, grad_fn=<MseLossBackward>)",-17.0,5.0
297,,"tensor(2.6147, grad_fn=<MseLossBackward>)",-17.0,5.0
298,,"tensor(2.3146, grad_fn=<MseLossBackward>)",-17.8,6.0
299,,"tensor(4.1908, grad_fn=<MseLossBackward>)",-14.8,5.0
300,,"tensor(2.8296, grad_fn=<MseLossBackward>)",-17.0,5.0
301,,"tensor(4.1681, grad_fn=<MseLossBackward>)",-17.8,6.0
302,,"tensor(2.7913, grad_fn=<MseLossBackward>)",-20.8,7.0
303,,"tensor(4.6609, grad_fn=<MseLossBackward>)",-14.8,5.0
304,,"tensor(3.9854, grad_fn=<MseLossBackward>)",-14.8,5.0
305,,"tensor(2.3540, grad_fn=<MseLossBackward>)",-11.4,6.0
306,,"tensor(2.1119, grad_fn=<MseLossBackward>)",-14.8,5.0
307,,"tensor(1.9509, grad_fn=<MseLossBackward>)",-14.8,5.0
308,,"tensor(2.9979, grad_fn=<MseLossBackward>)",-12.6,5.0
309,,"tensor(4.8046, grad_fn=<MseLossBackward>)",-12.6,5.0
310,,"tensor(3.2431, grad_fn=<MseLossBackward>)",-14.8,5.0
311,,"tensor(2.8069, grad_fn=<MseLossBackward>)",-17.0,5.0
312,,"tensor(3.2605, grad_fn=<MseLossBackward>)",-14.8,5.0
313,,"tensor(2.4408, grad_fn=<MseLossBackward>)",-14.8,5.0
314,,"tensor(2.6126, grad_fn=<MseLossBackward>)",-16.6,7.0
315,,"tensor(1.7216, grad_fn=<MseLossBackward>)",-14.8,5.0
316,,"tensor(3.1022, grad_fn=<MseLossBackward>)",-13.4,6.0
317,,"tensor(2.7923, grad_fn=<MseLossBackward>)",-12.6,5.0
318,,"tensor(2.0180, grad_fn=<MseLossBackward>)",-14.8,5.0
319,,"tensor(4.1748, grad_fn=<MseLossBackward>)",-15.9,12.0
320,,"tensor(3.7667, grad_fn=<MseLossBackward>)",-30.8,11.0
321,,"tensor(3.1441, grad_fn=<MseLossBackward>)",-15.6,6.0
322,,"tensor(2.9060, grad_fn=<MseLossBackward>)",-12.6,5.0
323,,"tensor(4.2314, grad_fn=<MseLossBackward>)",-14.8,5.0
324,,"tensor(4.1951, grad_fn=<MseLossBackward>)",-14.8,5.0
325,,"tensor(1.9639, grad_fn=<MseLossBackward>)",-18.6,7.0
326,,"tensor(2.3489, grad_fn=<MseLossBackward>)",-15.8,6.0
327,,"tensor(2.2013, grad_fn=<MseLossBackward>)",-14.8,5.0
328,,"tensor(3.8971, grad_fn=<MseLossBackward>)",-14.8,5.0
329,,"tensor(2.7545, grad_fn=<MseLossBackward>)",-14.8,5.0
330,,"tensor(2.1608, grad_fn=<MseLossBackward>)",-18.8,7.0
331,,"tensor(4.6331, grad_fn=<MseLossBackward>)",-15.5,12.0
332,,"tensor(3.3089, grad_fn=<MseLossBackward>)",-14.8,5.0
333,,"tensor(2.2048, grad_fn=<MseLossBackward>)",-14.8,5.0
334,,"tensor(2.4097, grad_fn=<MseLossBackward>)",-12.6,5.0
335,,"tensor(3.0125, grad_fn=<MseLossBackward>)",-15.8,6.0
336,,"tensor(1.7333, grad_fn=<MseLossBackward>)",-14.8,5.0
337,,"tensor(1.5648, grad_fn=<MseLossBackward>)",-14.8,5.0
338,,"tensor(3.0209, grad_fn=<MseLossBackward>)",-14.8,5.0
339,,"tensor(1.1951, grad_fn=<MseLossBackward>)",-14.8,5.0
340,,"tensor(3.5139, grad_fn=<MseLossBackward>)",-14.8,5.0
341,,"tensor(2.5567, grad_fn=<MseLossBackward>)",-12.8,5.0
342,,"tensor(2.4025, grad_fn=<MseLossBackward>)",-12.8,5.0
343,,"tensor(2.2683, grad_fn=<MseLossBackward>)",-14.8,5.0
344,,"tensor(1.5714, grad_fn=<MseLossBackward>)",-13.8,6.0
345,,"tensor(2.9815, grad_fn=<MseLossBackward>)",-12.6,5.0
346,,"tensor(3.2250, grad_fn=<MseLossBackward>)",-12.8,5.0
347,,"tensor(3.2119, grad_fn=<MseLossBackward>)",-12.6,5.0
348,,"tensor(3.3151, grad_fn=<MseLossBackward>)",-14.8,5.0
349,,"tensor(1.9268, grad_fn=<MseLossBackward>)",-15.6,6.0
350,,"tensor(2.4970, grad_fn=<MseLossBackward>)",-17.8,6.0
351,,"tensor(2.6112, grad_fn=<MseLossBackward>)",-14.8,5.0
352,,"tensor(5.4233, grad_fn=<MseLossBackward>)",-17.2,8.0
353,,"tensor(2.5045, grad_fn=<MseLossBackward>)",-15.6,6.0
354,,"tensor(1.3495, grad_fn=<MseLossBackward>)",-10.4,5.0
355,,"tensor(2.3396, grad_fn=<MseLossBackward>)",-15.6,6.0
356,,"tensor(1.0977, grad_fn=<MseLossBackward>)",-18.6,7.0
357,,"tensor(2.7007, grad_fn=<MseLossBackward>)",-14.8,5.0
358,,"tensor(2.5619, grad_fn=<MseLossBackward>)",-11.2,6.0
359,,"tensor(2.2194, grad_fn=<MseLossBackward>)",-12.8,5.0
360,,"tensor(2.6349, grad_fn=<MseLossBackward>)",-16.4,7.0
361,,"tensor(2.4609, grad_fn=<MseLossBackward>)",-14.8,5.0
362,,"tensor(2.0597, grad_fn=<MseLossBackward>)",-16.6,7.0
363,,"tensor(3.6835, grad_fn=<MseLossBackward>)",-8.2,5.0
364,,"tensor(1.7872, grad_fn=<MseLossBackward>)",-14.8,5.0
365,,"tensor(1.7452, grad_fn=<MseLossBackward>)",-12.6,5.0
366,,"tensor(3.8255, grad_fn=<MseLossBackward>)",-14.8,5.0
367,,"tensor(1.6884, grad_fn=<MseLossBackward>)",-14.8,5.0
368,,"tensor(2.9433, grad_fn=<MseLossBackward>)",-18.8,7.0
369,,"tensor(1.9412, grad_fn=<MseLossBackward>)",-21.5,14.0
370,,"tensor(2.1289, grad_fn=<MseLossBackward>)",-15.8,9.0
371,,"tensor(2.0790, grad_fn=<MseLossBackward>)",-14.7,11.0
372,,"tensor(1.7928, grad_fn=<MseLossBackward>)",-15.8,6.0
373,,"tensor(3.4679, grad_fn=<MseLossBackward>)",-15.8,6.0
374,,"tensor(4.2508, grad_fn=<MseLossBackward>)",-14.8,5.0
375,,"tensor(2.7137, grad_fn=<MseLossBackward>)",-12.8,5.0
376,,"tensor(2.1423, grad_fn=<MseLossBackward>)",-14.8,5.0
377,,"tensor(3.1582, grad_fn=<MseLossBackward>)",-8.2,5.0
378,,"tensor(2.9390, grad_fn=<MseLossBackward>)",-14.8,5.0
379,,"tensor(2.9620, grad_fn=<MseLossBackward>)",-18.8,7.0
380,,"tensor(2.1420, grad_fn=<MseLossBackward>)",-14.8,5.0
381,,"tensor(1.5423, grad_fn=<MseLossBackward>)",-14.8,5.0
382,,"tensor(2.2926, grad_fn=<MseLossBackward>)",-14.8,5.0
383,,"tensor(1.7116, grad_fn=<MseLossBackward>)",-14.8,5.0
384,,"tensor(1.4657, grad_fn=<MseLossBackward>)",-13.2,8.0
385,,"tensor(1.2160, grad_fn=<MseLossBackward>)",-13.4,6.0
386,,"tensor(1.5623, grad_fn=<MseLossBackward>)",-10.4,5.0
387,,"tensor(1.7773, grad_fn=<MseLossBackward>)",-17.8,6.0
388,,"tensor(1.5169, grad_fn=<MseLossBackward>)",-15.6,6.0
389,,"tensor(1.5133, grad_fn=<MseLossBackward>)",-14.8,5.0
390,,"tensor(2.0033, grad_fn=<MseLossBackward>)",-14.8,5.0
391,,"tensor(3.4250, grad_fn=<MseLossBackward>)",-14.8,5.0
392,,"tensor(1.1821, grad_fn=<MseLossBackward>)",-15.6,6.0
393,,"tensor(1.6911, grad_fn=<MseLossBackward>)",-11.2,6.0
394,,"tensor(2.0495, grad_fn=<MseLossBackward>)",-8.2,5.0
395,,"tensor(1.3023, grad_fn=<MseLossBackward>)",-13.6,6.0
396,,"tensor(2.7100, grad_fn=<MseLossBackward>)",-14.8,5.0
397,,"tensor(1.7989, grad_fn=<MseLossBackward>)",-15.8,6.0
398,,"tensor(2.6962, grad_fn=<MseLossBackward>)",-14.8,5.0
399,,"tensor(2.9769, grad_fn=<MseLossBackward>)",-20.8,7.0
400,,"tensor(1.6476, grad_fn=<MseLossBackward>)",-14.8,5.0
401,,"tensor(1.8146, grad_fn=<MseLossBackward>)",-18.8,7.0
402,,"tensor(2.4107, grad_fn=<MseLossBackward>)",-14.8,5.0
403,,"tensor(1.9440, grad_fn=<MseLossBackward>)",-14.8,5.0
404,,"tensor(3.0398, grad_fn=<MseLossBackward>)",-8.2,5.0
405,,"tensor(3.6663, grad_fn=<MseLossBackward>)",-18.6,7.0
406,,"tensor(2.6071, grad_fn=<MseLossBackward>)",-14.8,5.0
407,,"tensor(2.7345, grad_fn=<MseLossBackward>)",-16.6,7.0
408,,"tensor(3.0626, grad_fn=<MseLossBackward>)",-15.8,6.0
409,,"tensor(1.8057, grad_fn=<MseLossBackward>)",-14.2,7.0
410,,"tensor(3.2468, grad_fn=<MseLossBackward>)",-8.4,5.0
411,,"tensor(1.6891, grad_fn=<MseLossBackward>)",-14.8,5.0
412,,"tensor(2.6614, grad_fn=<MseLossBackward>)",-14.8,5.0
413,,"tensor(2.1227, grad_fn=<MseLossBackward>)",-14.8,5.0
414,,"tensor(2.0120, grad_fn=<MseLossBackward>)",-3.1999999999999993,17.0
415,,"tensor(2.6576, grad_fn=<MseLossBackward>)",-12.8,5.0
416,,"tensor(2.4172, grad_fn=<MseLossBackward>)",-14.4,7.0
417,,"tensor(3.0023, grad_fn=<MseLossBackward>)",-14.8,5.0
418,,"tensor(2.7295, grad_fn=<MseLossBackward>)",-12.8,5.0
419,,"tensor(1.6933, grad_fn=<MseLossBackward>)",-13.6,6.0
420,,"tensor(2.1706, grad_fn=<MseLossBackward>)",-15.6,6.0
421,,"tensor(1.7211, grad_fn=<MseLossBackward>)",-14.8,5.0
422,,"tensor(1.4164, grad_fn=<MseLossBackward>)",-10.6,5.0
423,,"tensor(2.6190, grad_fn=<MseLossBackward>)",-17.8,6.0
424,,"tensor(1.9677, grad_fn=<MseLossBackward>)",-14.8,5.0
425,,"tensor(2.0548, grad_fn=<MseLossBackward>)",-14.8,5.0
426,,"tensor(3.1322, grad_fn=<MseLossBackward>)",-15.8,6.0
427,,"tensor(1.5010, grad_fn=<MseLossBackward>)",-14.8,5.0
428,,"tensor(1.7453, grad_fn=<MseLossBackward>)",-14.8,5.0
429,,"tensor(2.2812, grad_fn=<MseLossBackward>)",-14.8,5.0
430,,"tensor(1.9818, grad_fn=<MseLossBackward>)",-14.8,5.0
431,,"tensor(1.6324, grad_fn=<MseLossBackward>)",-14.8,5.0
432,,"tensor(2.5476, grad_fn=<MseLossBackward>)",-14.8,5.0
433,,"tensor(2.0333, grad_fn=<MseLossBackward>)",-12.8,5.0
434,,"tensor(3.0740, grad_fn=<MseLossBackward>)",-17.8,6.0
435,,"tensor(1.2074, grad_fn=<MseLossBackward>)",-15.8,6.0
436,,"tensor(2.2628, grad_fn=<MseLossBackward>)",-14.8,5.0
437,,"tensor(2.2406, grad_fn=<MseLossBackward>)",-14.8,5.0
438,,"tensor(1.3277, grad_fn=<MseLossBackward>)",-14.8,5.0
439,,"tensor(2.2113, grad_fn=<MseLossBackward>)",-14.8,5.0
440,,"tensor(3.0044, grad_fn=<MseLossBackward>)",-12.5,11.0
441,,"tensor(2.3658, grad_fn=<MseLossBackward>)",-14.8,5.0
442,,"tensor(2.6130, grad_fn=<MseLossBackward>)",-14.8,5.0
443,,"tensor(1.5734, grad_fn=<MseLossBackward>)",-12.5,11.0
444,,"tensor(2.2273, grad_fn=<MseLossBackward>)",-12.8,5.0
445,,"tensor(3.2895, grad_fn=<MseLossBackward>)",-14.8,5.0
446,,"tensor(2.7113, grad_fn=<MseLossBackward>)",-16.4,7.0
447,,"tensor(1.8526, grad_fn=<MseLossBackward>)",-15.6,6.0
448,,"tensor(2.3271, grad_fn=<MseLossBackward>)",-14.8,5.0
449,,"tensor(3.0196, grad_fn=<MseLossBackward>)",-14.8,5.0
450,,"tensor(1.9034, grad_fn=<MseLossBackward>)",-12.8,5.0
451,,"tensor(1.8868, grad_fn=<MseLossBackward>)",-8.2,5.0
452,,"tensor(1.3860, grad_fn=<MseLossBackward>)",-14.8,5.0
453,,"tensor(2.2708, grad_fn=<MseLossBackward>)",-11.1,12.0
454,,"tensor(3.4261, grad_fn=<MseLossBackward>)",-12.8,5.0
455,,"tensor(1.3655, grad_fn=<MseLossBackward>)",-14.8,5.0
456,,"tensor(3.6320, grad_fn=<MseLossBackward>)",-16.4,7.0
457,,"tensor(3.6945, grad_fn=<MseLossBackward>)",-15.6,6.0
458,,"tensor(2.6139, grad_fn=<MseLossBackward>)",-14.8,5.0
459,,"tensor(2.5650, grad_fn=<MseLossBackward>)",-14.8,5.0
460,,"tensor(2.7444, grad_fn=<MseLossBackward>)",-14.8,5.0
461,,"tensor(2.0099, grad_fn=<MseLossBackward>)",-12.2,7.0
462,,"tensor(2.9285, grad_fn=<MseLossBackward>)",-14.8,5.0
463,,"tensor(1.6932, grad_fn=<MseLossBackward>)",-14.8,5.0
464,,"tensor(2.8196, grad_fn=<MseLossBackward>)",-15.6,6.0
465,,"tensor(1.8370, grad_fn=<MseLossBackward>)",-17.8,6.0
466,,"tensor(3.0660, grad_fn=<MseLossBackward>)",-17.8,6.0
467,,"tensor(2.1200, grad_fn=<MseLossBackward>)",-12.0,6.0
468,,"tensor(2.5024, grad_fn=<MseLossBackward>)",-10.4,5.0
469,,"tensor(3.4802, grad_fn=<MseLossBackward>)",-14.8,5.0
470,,"tensor(2.4241, grad_fn=<MseLossBackward>)",-14.8,5.0
471,,"tensor(2.0657, grad_fn=<MseLossBackward>)",-19.8,8.0
472,,"tensor(2.9014, grad_fn=<MseLossBackward>)",-14.8,5.0
473,,"tensor(2.6723, grad_fn=<MseLossBackward>)",-14.8,5.0
474,,"tensor(2.2601, grad_fn=<MseLossBackward>)",-10.4,5.0
475,,"tensor(2.1178, grad_fn=<MseLossBackward>)",-14.8,5.0
476,,"tensor(2.1626, grad_fn=<MseLossBackward>)",-14.8,5.0
477,,"tensor(1.6572, grad_fn=<MseLossBackward>)",-12.6,5.0
478,,"tensor(1.5291, grad_fn=<MseLossBackward>)",-14.8,5.0
479,,"tensor(1.5271, grad_fn=<MseLossBackward>)",-14.8,5.0
480,,"tensor(1.8850, grad_fn=<MseLossBackward>)",-11.2,6.0
481,,"tensor(1.9470, grad_fn=<MseLossBackward>)",-16.6,7.0
482,,"tensor(2.3886, grad_fn=<MseLossBackward>)",-18.6,7.0
483,,"tensor(0.8939, grad_fn=<MseLossBackward>)",-14.8,5.0
484,,"tensor(1.5867, grad_fn=<MseLossBackward>)",-12.8,5.0
485,,"tensor(1.4829, grad_fn=<MseLossBackward>)",-12.2,7.0
486,,"tensor(2.2191, grad_fn=<MseLossBackward>)",-15.6,6.0
487,,"tensor(1.1095, grad_fn=<MseLossBackward>)",-14.8,5.0
488,,"tensor(2.3746, grad_fn=<MseLossBackward>)",-14.8,5.0
489,,"tensor(2.0634, grad_fn=<MseLossBackward>)",-10.4,5.0
490,,"tensor(1.5519, grad_fn=<MseLossBackward>)",-17.8,6.0
491,,"tensor(2.5895, grad_fn=<MseLossBackward>)",-12.8,5.0
492,,"tensor(1.8901, grad_fn=<MseLossBackward>)",-14.8,5.0
493,,"tensor(2.4054, grad_fn=<MseLossBackward>)",-14.8,5.0
494,,"tensor(1.3455, grad_fn=<MseLossBackward>)",-15.6,6.0
495,,"tensor(1.9765, grad_fn=<MseLossBackward>)",-18.6,7.0
496,,"tensor(2.2112, grad_fn=<MseLossBackward>)",-17.8,6.0
497,,"tensor(3.1489, grad_fn=<MseLossBackward>)",-15.8,6.0
498,,"tensor(1.8030, grad_fn=<MseLossBackward>)",-11.2,6.0
499,,"tensor(2.6989, grad_fn=<MseLossBackward>)",-14.8,5.0
500,,"tensor(1.7379, grad_fn=<MseLossBackward>)",-14.8,5.0
501,,"tensor(2.1659, grad_fn=<MseLossBackward>)",-14.8,5.0
502,,"tensor(1.8326, grad_fn=<MseLossBackward>)",-8.4,5.0
503,,"tensor(3.2449, grad_fn=<MseLossBackward>)",-15.6,6.0
504,,"tensor(1.7351, grad_fn=<MseLossBackward>)",-14.8,5.0
505,,"tensor(1.8498, grad_fn=<MseLossBackward>)",-14.8,5.0
506,,"tensor(2.2009, grad_fn=<MseLossBackward>)",-20.6,9.0
507,,"tensor(1.7136, grad_fn=<MseLossBackward>)",-17.8,6.0
508,,"tensor(3.0963, grad_fn=<MseLossBackward>)",-18.8,7.0
509,,"tensor(2.6769, grad_fn=<MseLossBackward>)",-18.8,7.0
510,,"tensor(2.4976, grad_fn=<MseLossBackward>)",-14.8,5.0
511,,"tensor(2.1522, grad_fn=<MseLossBackward>)",-20.8,7.0
512,,"tensor(1.6825, grad_fn=<MseLossBackward>)",-14.8,5.0
513,,"tensor(1.6373, grad_fn=<MseLossBackward>)",-14.8,5.0
514,,"tensor(1.8190, grad_fn=<MseLossBackward>)",-14.8,5.0
515,,"tensor(2.4984, grad_fn=<MseLossBackward>)",-15.8,6.0
516,,"tensor(2.6758, grad_fn=<MseLossBackward>)",-14.8,5.0
517,,"tensor(3.3792, grad_fn=<MseLossBackward>)",-14.8,5.0
518,,"tensor(2.2451, grad_fn=<MseLossBackward>)",-16.0,21.0
519,,"tensor(3.9297, grad_fn=<MseLossBackward>)",-17.8,8.0
520,,"tensor(4.1731, grad_fn=<MseLossBackward>)",-14.8,5.0
521,,"tensor(2.8401, grad_fn=<MseLossBackward>)",-13.6,6.0
522,,"tensor(2.9319, grad_fn=<MseLossBackward>)",-14.8,5.0
523,,"tensor(3.2342, grad_fn=<MseLossBackward>)",-12.8,5.0
524,,"tensor(3.0133, grad_fn=<MseLossBackward>)",-12.0,7.0
525,,"tensor(2.6999, grad_fn=<MseLossBackward>)",-8.4,5.0
526,,"tensor(3.4374, grad_fn=<MseLossBackward>)",-10.4,5.0
527,,"tensor(3.9999, grad_fn=<MseLossBackward>)",-14.8,5.0
528,,"tensor(2.9817, grad_fn=<MseLossBackward>)",-14.8,5.0
529,,"tensor(1.8947, grad_fn=<MseLossBackward>)",-14.8,5.0
530,,"tensor(2.0346, grad_fn=<MseLossBackward>)",-14.8,5.0
531,,"tensor(2.9372, grad_fn=<MseLossBackward>)",-14.8,5.0
532,,"tensor(1.7660, grad_fn=<MseLossBackward>)",-12.8,5.0
533,,"tensor(2.2299, grad_fn=<MseLossBackward>)",-15.6,6.0
534,,"tensor(2.6387, grad_fn=<MseLossBackward>)",-14.8,5.0
535,,"tensor(2.4874, grad_fn=<MseLossBackward>)",-15.8,6.0
536,,"tensor(2.6561, grad_fn=<MseLossBackward>)",-14.8,5.0
537,,"tensor(2.7991, grad_fn=<MseLossBackward>)",-12.6,5.0
538,,"tensor(2.6208, grad_fn=<MseLossBackward>)",-10.4,5.0
539,,"tensor(1.9848, grad_fn=<MseLossBackward>)",-14.8,5.0
540,,"tensor(2.1316, grad_fn=<MseLossBackward>)",-14.8,5.0
541,,"tensor(1.8266, grad_fn=<MseLossBackward>)",-17.400000000000002,8.0
542,,"tensor(2.2594, grad_fn=<MseLossBackward>)",-12.8,5.0
543,,"tensor(2.1623, grad_fn=<MseLossBackward>)",-18.6,7.0
544,,"tensor(2.0682, grad_fn=<MseLossBackward>)",-14.8,5.0
545,,"tensor(1.8961, grad_fn=<MseLossBackward>)",-12.8,5.0
546,,"tensor(1.3239, grad_fn=<MseLossBackward>)",-10.4,5.0
547,,"tensor(1.5017, grad_fn=<MseLossBackward>)",-18.6,7.0
548,,"tensor(1.8011, grad_fn=<MseLossBackward>)",-22.4,9.0
549,,"tensor(2.1913, grad_fn=<MseLossBackward>)",-10.6,5.0
550,,"tensor(1.9121, grad_fn=<MseLossBackward>)",-20.7,13.0
551,,"tensor(1.9530, grad_fn=<MseLossBackward>)",-14.8,5.0
552,,"tensor(1.2335, grad_fn=<MseLossBackward>)",-17.8,6.0
553,,"tensor(2.1173, grad_fn=<MseLossBackward>)",-14.8,5.0
554,,"tensor(3.3372, grad_fn=<MseLossBackward>)",-19.300000000000004,14.0
555,,"tensor(2.1117, grad_fn=<MseLossBackward>)",-14.8,5.0
556,,"tensor(2.7551, grad_fn=<MseLossBackward>)",-14.8,5.0
557,,"tensor(2.3630, grad_fn=<MseLossBackward>)",-16.4,7.0
558,,"tensor(2.1611, grad_fn=<MseLossBackward>)",-17.8,6.0
559,,"tensor(3.0555, grad_fn=<MseLossBackward>)",-14.8,5.0
560,,"tensor(2.5483, grad_fn=<MseLossBackward>)",-14.8,5.0
561,,"tensor(2.6384, grad_fn=<MseLossBackward>)",-20.7,13.0
562,,"tensor(2.6495, grad_fn=<MseLossBackward>)",-15.8,6.0
563,,"tensor(3.1728, grad_fn=<MseLossBackward>)",-14.8,5.0
564,,"tensor(3.4093, grad_fn=<MseLossBackward>)",-10.4,5.0
565,,"tensor(3.4702, grad_fn=<MseLossBackward>)",-12.8,5.0
566,,"tensor(2.1985, grad_fn=<MseLossBackward>)",-13.6,6.0
567,,"tensor(3.5930, grad_fn=<MseLossBackward>)",-14.8,5.0
568,,"tensor(3.0770, grad_fn=<MseLossBackward>)",-10.4,5.0
569,,"tensor(2.9128, grad_fn=<MseLossBackward>)",-15.6,6.0
570,,"tensor(3.0639, grad_fn=<MseLossBackward>)",-14.8,5.0
571,,"tensor(1.9454, grad_fn=<MseLossBackward>)",-12.6,5.0
572,,"tensor(2.5453, grad_fn=<MseLossBackward>)",-15.8,6.0
573,,"tensor(2.4875, grad_fn=<MseLossBackward>)",-13.8,6.0
574,,"tensor(3.8168, grad_fn=<MseLossBackward>)",-14.8,5.0
575,,"tensor(3.0815, grad_fn=<MseLossBackward>)",-12.6,5.0
576,,"tensor(2.1475, grad_fn=<MseLossBackward>)",-14.8,5.0
577,,"tensor(1.6299, grad_fn=<MseLossBackward>)",-14.8,5.0
578,,"tensor(1.3890, grad_fn=<MseLossBackward>)",-14.8,5.0
579,,"tensor(2.4366, grad_fn=<MseLossBackward>)",-14.8,5.0
580,,"tensor(1.8872, grad_fn=<MseLossBackward>)",-8.8,5.0
581,,"tensor(1.7609, grad_fn=<MseLossBackward>)",-14.8,5.0
582,,"tensor(2.1283, grad_fn=<MseLossBackward>)",-16.4,7.0
583,,"tensor(2.5737, grad_fn=<MseLossBackward>)",-12.8,5.0
584,,"tensor(1.8183, grad_fn=<MseLossBackward>)",-17.8,6.0
585,,"tensor(2.3908, grad_fn=<MseLossBackward>)",-15.8,6.0
586,,"tensor(2.4900, grad_fn=<MseLossBackward>)",-14.8,5.0
587,,"tensor(1.8646, grad_fn=<MseLossBackward>)",-12.8,5.0
588,,"tensor(3.1039, grad_fn=<MseLossBackward>)",-14.8,5.0
589,,"tensor(3.5123, grad_fn=<MseLossBackward>)",-14.8,5.0
590,,"tensor(2.2188, grad_fn=<MseLossBackward>)",-14.8,5.0
591,,"tensor(2.2474, grad_fn=<MseLossBackward>)",-14.8,5.0
592,,"tensor(2.0351, grad_fn=<MseLossBackward>)",-12.8,5.0
593,,"tensor(2.1750, grad_fn=<MseLossBackward>)",-14.8,5.0
594,,"tensor(1.7685, grad_fn=<MseLossBackward>)",-13.399999999999999,6.0
595,,"tensor(3.0055, grad_fn=<MseLossBackward>)",-14.8,5.0
596,,"tensor(4.1785, grad_fn=<MseLossBackward>)",-15.399999999999999,8.0
597,,"tensor(3.9137, grad_fn=<MseLossBackward>)",-16.4,7.0
598,,"tensor(4.1793, grad_fn=<MseLossBackward>)",-12.8,5.0
599,,"tensor(3.5381, grad_fn=<MseLossBackward>)",-10.4,5.0
600,,"tensor(1.2617, grad_fn=<MseLossBackward>)",-14.8,5.0
601,,"tensor(2.1402, grad_fn=<MseLossBackward>)",-18.0,9.0
602,,"tensor(4.1943, grad_fn=<MseLossBackward>)",-14.8,5.0
603,,"tensor(3.6916, grad_fn=<MseLossBackward>)",-27.200000000000003,12.0
604,,"tensor(2.9194, grad_fn=<MseLossBackward>)",-12.8,5.0
605,,"tensor(2.6818, grad_fn=<MseLossBackward>)",-17.2,8.0
606,,"tensor(2.1997, grad_fn=<MseLossBackward>)",-22.4,9.0
607,,"tensor(1.3481, grad_fn=<MseLossBackward>)",-13.4,6.0
608,,"tensor(1.9635, grad_fn=<MseLossBackward>)",-14.8,5.0
609,,"tensor(2.2684, grad_fn=<MseLossBackward>)",-15.6,6.0
610,,"tensor(1.3076, grad_fn=<MseLossBackward>)",-14.8,5.0
611,,"tensor(2.5999, grad_fn=<MseLossBackward>)",-17.8,6.0
612,,"tensor(1.8745, grad_fn=<MseLossBackward>)",-17.7,12.0
613,,"tensor(2.6885, grad_fn=<MseLossBackward>)",-17.8,6.0
614,,"tensor(2.9396, grad_fn=<MseLossBackward>)",-12.8,5.0
615,,"tensor(1.7968, grad_fn=<MseLossBackward>)",-14.8,5.0
616,,"tensor(1.7788, grad_fn=<MseLossBackward>)",-12.8,5.0
617,,"tensor(1.5388, grad_fn=<MseLossBackward>)",-14.8,5.0
618,,"tensor(3.0215, grad_fn=<MseLossBackward>)",-14.8,5.0
619,,"tensor(3.0810, grad_fn=<MseLossBackward>)",-14.8,5.0
620,,"tensor(2.1987, grad_fn=<MseLossBackward>)",-13.399999999999999,6.0
621,,"tensor(3.6379, grad_fn=<MseLossBackward>)",-10.4,5.0
622,,"tensor(2.3984, grad_fn=<MseLossBackward>)",-14.8,5.0
623,,"tensor(3.1850, grad_fn=<MseLossBackward>)",-14.8,5.0
624,,"tensor(3.0695, grad_fn=<MseLossBackward>)",-9.0,5.0
625,,"tensor(3.2626, grad_fn=<MseLossBackward>)",-12.0,7.0
626,,"tensor(3.0836, grad_fn=<MseLossBackward>)",-12.8,5.0
627,,"tensor(2.0144, grad_fn=<MseLossBackward>)",-14.8,5.0
628,,"tensor(3.1915, grad_fn=<MseLossBackward>)",-14.8,5.0
629,,"tensor(2.1932, grad_fn=<MseLossBackward>)",-8.2,5.0
630,,"tensor(2.4310, grad_fn=<MseLossBackward>)",-12.6,5.0
631,,"tensor(2.5261, grad_fn=<MseLossBackward>)",-14.8,5.0
632,,"tensor(2.9135, grad_fn=<MseLossBackward>)",-8.6,5.0
633,,"tensor(2.5646, grad_fn=<MseLossBackward>)",-14.8,5.0
634,,"tensor(1.9167, grad_fn=<MseLossBackward>)",-14.8,5.0
635,,"tensor(3.1411, grad_fn=<MseLossBackward>)",-8.1,11.0
636,,"tensor(1.3598, grad_fn=<MseLossBackward>)",-14.8,5.0
637,,"tensor(2.1310, grad_fn=<MseLossBackward>)",-2.2,16.0
638,,"tensor(2.6881, grad_fn=<MseLossBackward>)",-14.8,5.0
639,,"tensor(2.2823, grad_fn=<MseLossBackward>)",-12.6,5.0
640,,"tensor(1.6323, grad_fn=<MseLossBackward>)",-16.4,7.0
641,,"tensor(1.6080, grad_fn=<MseLossBackward>)",-15.6,6.0
642,,"tensor(2.9550, grad_fn=<MseLossBackward>)",-14.8,5.0
643,,"tensor(2.9090, grad_fn=<MseLossBackward>)",-10.4,5.0
644,,"tensor(2.8190, grad_fn=<MseLossBackward>)",-10.6,5.0
645,,"tensor(3.6747, grad_fn=<MseLossBackward>)",-18.8,7.0
646,,"tensor(3.1300, grad_fn=<MseLossBackward>)",-15.8,6.0
647,,"tensor(2.8816, grad_fn=<MseLossBackward>)",-14.8,5.0
648,,"tensor(2.2623, grad_fn=<MseLossBackward>)",-15.6,6.0
649,,"tensor(1.3651, grad_fn=<MseLossBackward>)",-12.399999999999999,17.0
650,,"tensor(1.9293, grad_fn=<MseLossBackward>)",-15.8,6.0
651,,"tensor(3.1559, grad_fn=<MseLossBackward>)",-15.6,6.0
652,,"tensor(2.5328, grad_fn=<MseLossBackward>)",-12.2,7.0
653,,"tensor(2.3838, grad_fn=<MseLossBackward>)",-21.6,8.0
654,,"tensor(2.8357, grad_fn=<MseLossBackward>)",-19.4,8.0
655,,"tensor(2.3368, grad_fn=<MseLossBackward>)",-15.6,6.0
656,,"tensor(2.9427, grad_fn=<MseLossBackward>)",-18.8,7.0
657,,"tensor(2.7648, grad_fn=<MseLossBackward>)",-10.4,5.0
658,,"tensor(3.7380, grad_fn=<MseLossBackward>)",-30.200000000000003,13.0
659,,"tensor(4.1068, grad_fn=<MseLossBackward>)",-17.0,10.0
660,,"tensor(2.5913, grad_fn=<MseLossBackward>)",-11.399999999999999,6.0
661,,"tensor(3.1081, grad_fn=<MseLossBackward>)",-8.4,5.0
662,,"tensor(1.9861, grad_fn=<MseLossBackward>)",-11.7,10.0
663,,"tensor(1.9250, grad_fn=<MseLossBackward>)",-15.6,6.0
664,,"tensor(2.0748, grad_fn=<MseLossBackward>)",-14.8,5.0
665,,"tensor(2.4153, grad_fn=<MseLossBackward>)",-10.4,5.0
666,,"tensor(4.4401, grad_fn=<MseLossBackward>)",-14.8,5.0
667,,"tensor(1.7508, grad_fn=<MseLossBackward>)",-14.8,5.0
668,,"tensor(1.8892, grad_fn=<MseLossBackward>)",-14.8,5.0
669,,"tensor(5.7242, grad_fn=<MseLossBackward>)",-14.8,5.0
670,,"tensor(3.2410, grad_fn=<MseLossBackward>)",-14.8,5.0
671,,"tensor(2.2272, grad_fn=<MseLossBackward>)",-14.8,5.0
672,,"tensor(2.8188, grad_fn=<MseLossBackward>)",-14.8,5.0
673,,"tensor(2.2879, grad_fn=<MseLossBackward>)",-12.8,5.0
674,,"tensor(1.3255, grad_fn=<MseLossBackward>)",-12.8,5.0
675,,"tensor(1.5028, grad_fn=<MseLossBackward>)",-22.6,9.0
676,,"tensor(2.3951, grad_fn=<MseLossBackward>)",-12.8,5.0
677,,"tensor(1.9579, grad_fn=<MseLossBackward>)",-17.8,6.0
678,,"tensor(3.0324, grad_fn=<MseLossBackward>)",-18.6,7.0
679,,"tensor(2.6682, grad_fn=<MseLossBackward>)",-17.8,6.0
680,,"tensor(2.2046, grad_fn=<MseLossBackward>)",-14.8,5.0
681,,"tensor(3.1037, grad_fn=<MseLossBackward>)",-10.8,5.0
682,,"tensor(2.3073, grad_fn=<MseLossBackward>)",-14.8,5.0
683,,"tensor(1.9119, grad_fn=<MseLossBackward>)",-17.8,6.0
684,,"tensor(1.7225, grad_fn=<MseLossBackward>)",-16.6,7.0
685,,"tensor(2.0959, grad_fn=<MseLossBackward>)",-12.8,5.0
686,,"tensor(3.4576, grad_fn=<MseLossBackward>)",-23.6,10.0
687,,"tensor(4.3615, grad_fn=<MseLossBackward>)",-14.2,7.0
688,,"tensor(4.1457, grad_fn=<MseLossBackward>)",-14.8,5.0
689,,"tensor(2.2835, grad_fn=<MseLossBackward>)",-19.0,10.0
690,,"tensor(3.9352, grad_fn=<MseLossBackward>)",-14.8,5.0
691,,"tensor(2.6503, grad_fn=<MseLossBackward>)",-12.6,5.0
692,,"tensor(3.1712, grad_fn=<MseLossBackward>)",-14.8,5.0
693,,"tensor(2.8238, grad_fn=<MseLossBackward>)",-15.6,6.0
694,,"tensor(1.8257, grad_fn=<MseLossBackward>)",-14.8,5.0
695,,"tensor(2.7392, grad_fn=<MseLossBackward>)",-15.8,6.0
696,,"tensor(2.5845, grad_fn=<MseLossBackward>)",-17.8,6.0
697,,"tensor(4.8494, grad_fn=<MseLossBackward>)",-14.2,7.0
698,,"tensor(2.3168, grad_fn=<MseLossBackward>)",-22.0,11.0
699,,"tensor(3.1836, grad_fn=<MseLossBackward>)",-9.8,6.0
700,,"tensor(3.5105, grad_fn=<MseLossBackward>)",-10.4,5.0
701,,"tensor(2.6920, grad_fn=<MseLossBackward>)",-13.4,6.0
702,,"tensor(3.6456, grad_fn=<MseLossBackward>)",-13.5,15.0
703,,"tensor(2.5380, grad_fn=<MseLossBackward>)",-12.8,5.0
704,,"tensor(2.0174, grad_fn=<MseLossBackward>)",-17.8,6.0
705,,"tensor(2.8178, grad_fn=<MseLossBackward>)",-17.8,6.0
706,,"tensor(2.8914, grad_fn=<MseLossBackward>)",-14.8,5.0
707,,"tensor(3.6917, grad_fn=<MseLossBackward>)",-8.2,5.0
708,,"tensor(3.2961, grad_fn=<MseLossBackward>)",-15.8,6.0
709,,"tensor(3.0249, grad_fn=<MseLossBackward>)",-14.8,5.0
710,,"tensor(1.7222, grad_fn=<MseLossBackward>)",-14.8,5.0
711,,"tensor(2.5760, grad_fn=<MseLossBackward>)",-11.0,18.0
712,,"tensor(2.6109, grad_fn=<MseLossBackward>)",-14.8,5.0
713,,"tensor(2.0073, grad_fn=<MseLossBackward>)",-14.8,5.0
714,,"tensor(2.5411, grad_fn=<MseLossBackward>)",-12.6,5.0
715,,"tensor(3.9591, grad_fn=<MseLossBackward>)",-18.6,7.0
716,,"tensor(1.6012, grad_fn=<MseLossBackward>)",-14.8,5.0
717,,"tensor(1.4780, grad_fn=<MseLossBackward>)",-14.8,5.0
718,,"tensor(2.5448, grad_fn=<MseLossBackward>)",-8.2,5.0
719,,"tensor(2.3843, grad_fn=<MseLossBackward>)",-12.8,5.0
720,,"tensor(2.2762, grad_fn=<MseLossBackward>)",-18.4,9.0
721,,"tensor(2.3584, grad_fn=<MseLossBackward>)",-10.6,5.0
722,,"tensor(2.5434, grad_fn=<MseLossBackward>)",-21.7,14.0
723,,"tensor(2.7446, grad_fn=<MseLossBackward>)",-8.2,5.0
724,,"tensor(1.3501, grad_fn=<MseLossBackward>)",-13.4,6.0
725,,"tensor(2.3356, grad_fn=<MseLossBackward>)",-22.6,9.0
726,,"tensor(2.4312, grad_fn=<MseLossBackward>)",-14.8,5.0
727,,"tensor(3.4453, grad_fn=<MseLossBackward>)",-14.8,5.0
728,,"tensor(3.2349, grad_fn=<MseLossBackward>)",-14.8,5.0
729,,"tensor(3.8637, grad_fn=<MseLossBackward>)",-10.8,5.0
730,,"tensor(3.0016, grad_fn=<MseLossBackward>)",-14.8,5.0
731,,"tensor(2.7458, grad_fn=<MseLossBackward>)",-16.6,7.0
732,,"tensor(2.4323, grad_fn=<MseLossBackward>)",-15.8,6.0
733,,"tensor(2.6915, grad_fn=<MseLossBackward>)",-17.8,6.0
734,,"tensor(3.4003, grad_fn=<MseLossBackward>)",-14.8,5.0
735,,"tensor(1.7905, grad_fn=<MseLossBackward>)",-17.8,6.0
736,,"tensor(3.6346, grad_fn=<MseLossBackward>)",-13.399999999999999,6.0
737,,"tensor(2.4062, grad_fn=<MseLossBackward>)",-12.8,5.0
738,,"tensor(2.2230, grad_fn=<MseLossBackward>)",-15.6,6.0
739,,"tensor(1.4431, grad_fn=<MseLossBackward>)",-14.8,5.0
740,,"tensor(1.4574, grad_fn=<MseLossBackward>)",-12.6,5.0
741,,"tensor(3.4876, grad_fn=<MseLossBackward>)",-10.8,5.0
742,,"tensor(2.8663, grad_fn=<MseLossBackward>)",-9.0,6.0
743,,"tensor(2.5217, grad_fn=<MseLossBackward>)",-16.8,17.0
744,,"tensor(2.3474, grad_fn=<MseLossBackward>)",-14.8,5.0
745,,"tensor(1.7869, grad_fn=<MseLossBackward>)",-14.8,5.0
746,,"tensor(1.9558, grad_fn=<MseLossBackward>)",-16.8,7.0
747,,"tensor(2.8406, grad_fn=<MseLossBackward>)",-12.6,5.0
748,,"tensor(2.5587, grad_fn=<MseLossBackward>)",-15.6,6.0
749,,"tensor(2.0599, grad_fn=<MseLossBackward>)",-10.4,5.0
750,,"tensor(1.9869, grad_fn=<MseLossBackward>)",-10.4,5.0
751,,"tensor(3.3112, grad_fn=<MseLossBackward>)",-15.0,5.0
752,,"tensor(1.9601, grad_fn=<MseLossBackward>)",-15.6,6.0
753,,"tensor(3.5311, grad_fn=<MseLossBackward>)",-8.4,5.0
754,,"tensor(2.4630, grad_fn=<MseLossBackward>)",-12.8,5.0
755,,"tensor(1.6923, grad_fn=<MseLossBackward>)",-14.2,7.0
756,,"tensor(2.7398, grad_fn=<MseLossBackward>)",-14.399999999999999,7.0
757,,"tensor(1.8040, grad_fn=<MseLossBackward>)",-12.599999999999998,17.0
758,,"tensor(3.6051, grad_fn=<MseLossBackward>)",-14.8,5.0
759,,"tensor(1.7367, grad_fn=<MseLossBackward>)",-14.8,5.0
760,,"tensor(1.5965, grad_fn=<MseLossBackward>)",-14.7,11.0
761,,"tensor(3.8165, grad_fn=<MseLossBackward>)",-19.5,14.0
762,,"tensor(4.4386, grad_fn=<MseLossBackward>)",-14.8,5.0
763,,"tensor(1.8867, grad_fn=<MseLossBackward>)",-8.499999999999998,21.0
764,,"tensor(2.5628, grad_fn=<MseLossBackward>)",-12.8,5.0
765,,"tensor(3.3908, grad_fn=<MseLossBackward>)",-14.8,5.0
766,,"tensor(2.8014, grad_fn=<MseLossBackward>)",-12.6,5.0
767,,"tensor(3.6625, grad_fn=<MseLossBackward>)",-14.8,5.0
768,,"tensor(3.2702, grad_fn=<MseLossBackward>)",-13.399999999999999,6.0
769,,"tensor(3.2590, grad_fn=<MseLossBackward>)",-8.8,5.0
770,,"tensor(1.6638, grad_fn=<MseLossBackward>)",-10.4,5.0
771,,"tensor(1.5010, grad_fn=<MseLossBackward>)",-18.6,7.0
772,,"tensor(1.2065, grad_fn=<MseLossBackward>)",-14.8,5.0
773,,"tensor(2.8276, grad_fn=<MseLossBackward>)",-14.8,5.0
774,,"tensor(3.5604, grad_fn=<MseLossBackward>)",-11.2,6.0
775,,"tensor(3.2492, grad_fn=<MseLossBackward>)",-15.5,12.0
776,,"tensor(2.6113, grad_fn=<MseLossBackward>)",-19.4,8.0
777,,"tensor(2.6882, grad_fn=<MseLossBackward>)",-12.8,5.0
778,,"tensor(2.2032, grad_fn=<MseLossBackward>)",-17.8,6.0
779,,"tensor(2.9541, grad_fn=<MseLossBackward>)",-22.8,9.0
780,,"tensor(2.4203, grad_fn=<MseLossBackward>)",-14.8,5.0
781,,"tensor(3.4778, grad_fn=<MseLossBackward>)",-14.8,5.0
782,,"tensor(2.8118, grad_fn=<MseLossBackward>)",-10.4,5.0
783,,"tensor(1.9186, grad_fn=<MseLossBackward>)",-12.6,5.0
784,,"tensor(1.9259, grad_fn=<MseLossBackward>)",-8.2,5.0
785,,"tensor(3.3278, grad_fn=<MseLossBackward>)",-10.4,5.0
786,,"tensor(3.1639, grad_fn=<MseLossBackward>)",-17.8,6.0
787,,"tensor(4.9808, grad_fn=<MseLossBackward>)",-14.8,5.0
788,,"tensor(4.0654, grad_fn=<MseLossBackward>)",-11.1,12.0
789,,"tensor(2.4103, grad_fn=<MseLossBackward>)",-13.399999999999999,6.0
790,,"tensor(2.0307, grad_fn=<MseLossBackward>)",-12.8,5.0
791,,"tensor(2.2907, grad_fn=<MseLossBackward>)",-17.400000000000002,8.0
792,,"tensor(2.1427, grad_fn=<MseLossBackward>)",-18.6,7.0
793,,"tensor(2.4132, grad_fn=<MseLossBackward>)",-8.2,5.0
794,,"tensor(2.8633, grad_fn=<MseLossBackward>)",-14.8,5.0
795,,"tensor(2.7142, grad_fn=<MseLossBackward>)",-12.6,5.0
796,,"tensor(3.7261, grad_fn=<MseLossBackward>)",-12.8,5.0
797,,"tensor(1.7873, grad_fn=<MseLossBackward>)",-14.8,5.0
798,,"tensor(2.4317, grad_fn=<MseLossBackward>)",-14.8,5.0
799,,"tensor(2.2079, grad_fn=<MseLossBackward>)",-17.8,6.0
800,,"tensor(2.3159, grad_fn=<MseLossBackward>)",-14.8,5.0
801,,"tensor(2.3949, grad_fn=<MseLossBackward>)",-14.8,5.0
802,,"tensor(2.0635, grad_fn=<MseLossBackward>)",-13.8,6.0
803,,"tensor(4.5167, grad_fn=<MseLossBackward>)",-10.4,5.0
804,,"tensor(2.4915, grad_fn=<MseLossBackward>)",-15.6,6.0
805,,"tensor(1.9266, grad_fn=<MseLossBackward>)",-11.4,6.0
806,,"tensor(2.2563, grad_fn=<MseLossBackward>)",-18.6,7.0
807,,"tensor(1.5651, grad_fn=<MseLossBackward>)",-11.2,18.0
808,,"tensor(3.0207, grad_fn=<MseLossBackward>)",-12.8,5.0
809,,"tensor(1.6457, grad_fn=<MseLossBackward>)",-14.8,5.0
810,,"tensor(3.0270, grad_fn=<MseLossBackward>)",-14.8,5.0
811,,"tensor(3.3092, grad_fn=<MseLossBackward>)",-15.6,6.0
812,,"tensor(2.7517, grad_fn=<MseLossBackward>)",-14.8,5.0
813,,"tensor(3.1824, grad_fn=<MseLossBackward>)",-14.8,5.0
814,,"tensor(1.5352, grad_fn=<MseLossBackward>)",-9.0,5.0
815,,"tensor(1.6875, grad_fn=<MseLossBackward>)",-11.2,6.0
816,,"tensor(2.4854, grad_fn=<MseLossBackward>)",-15.6,6.0
817,,"tensor(1.3709, grad_fn=<MseLossBackward>)",-10.8,5.0
818,,"tensor(2.2085, grad_fn=<MseLossBackward>)",-12.8,5.0
819,,"tensor(2.9137, grad_fn=<MseLossBackward>)",-14.8,5.0
820,,"tensor(2.5505, grad_fn=<MseLossBackward>)",-11.8,6.0
821,,"tensor(1.6247, grad_fn=<MseLossBackward>)",-12.8,5.0
822,,"tensor(2.3550, grad_fn=<MseLossBackward>)",-11.4,6.0
823,,"tensor(2.4625, grad_fn=<MseLossBackward>)",-14.8,7.0
824,,"tensor(2.1694, grad_fn=<MseLossBackward>)",-8.4,5.0
825,,"tensor(3.2350, grad_fn=<MseLossBackward>)",-8.2,5.0
826,,"tensor(3.6744, grad_fn=<MseLossBackward>)",-18.6,7.0
827,,"tensor(2.3992, grad_fn=<MseLossBackward>)",-8.2,5.0
828,,"tensor(1.5313, grad_fn=<MseLossBackward>)",-14.8,5.0
829,,"tensor(3.1377, grad_fn=<MseLossBackward>)",-12.8,7.0
830,,"tensor(2.6862, grad_fn=<MseLossBackward>)",-12.4,7.0
831,,"tensor(3.1327, grad_fn=<MseLossBackward>)",-13.6,6.0
832,,"tensor(2.2484, grad_fn=<MseLossBackward>)",-10.8,5.0
833,,"tensor(2.6617, grad_fn=<MseLossBackward>)",-14.8,5.0
834,,"tensor(3.9841, grad_fn=<MseLossBackward>)",-11.0,5.0
835,,"tensor(2.8551, grad_fn=<MseLossBackward>)",-8.2,5.0
836,,"tensor(4.1157, grad_fn=<MseLossBackward>)",-13.0,5.0
837,,"tensor(1.7073, grad_fn=<MseLossBackward>)",-15.6,6.0
838,,"tensor(3.0771, grad_fn=<MseLossBackward>)",-14.8,5.0
839,,"tensor(2.6102, grad_fn=<MseLossBackward>)",-12.6,5.0
840,,"tensor(2.1702, grad_fn=<MseLossBackward>)",-10.4,5.0
841,,"tensor(3.7646, grad_fn=<MseLossBackward>)",-14.8,5.0
842,,"tensor(3.7434, grad_fn=<MseLossBackward>)",-10.6,5.0
843,,"tensor(3.4140, grad_fn=<MseLossBackward>)",-12.6,5.0
844,,"tensor(3.8410, grad_fn=<MseLossBackward>)",-14.8,5.0
845,,"tensor(3.7635, grad_fn=<MseLossBackward>)",-10.8,5.0
846,,"tensor(4.7472, grad_fn=<MseLossBackward>)",-14.8,5.0
847,,"tensor(3.2041, grad_fn=<MseLossBackward>)",-14.8,5.0
848,,"tensor(2.7147, grad_fn=<MseLossBackward>)",-10.4,5.0
849,,"tensor(1.6822, grad_fn=<MseLossBackward>)",-14.8,5.0
850,,"tensor(2.5761, grad_fn=<MseLossBackward>)",-11.6,6.0
851,,"tensor(2.3990, grad_fn=<MseLossBackward>)",-10.2,17.0
852,,"tensor(1.9532, grad_fn=<MseLossBackward>)",-8.2,5.0
853,,"tensor(1.7882, grad_fn=<MseLossBackward>)",-14.8,5.0
854,,"tensor(1.6965, grad_fn=<MseLossBackward>)",-12.0,7.0
855,,"tensor(3.2700, grad_fn=<MseLossBackward>)",-17.8,6.0
856,,"tensor(3.0549, grad_fn=<MseLossBackward>)",-24.5,15.0
857,,"tensor(2.2344, grad_fn=<MseLossBackward>)",-17.8,6.0
858,,"tensor(2.1872, grad_fn=<MseLossBackward>)",-11.2,6.0
859,,"tensor(2.4501, grad_fn=<MseLossBackward>)",-12.8,5.0
860,,"tensor(2.9145, grad_fn=<MseLossBackward>)",-17.8,6.0
861,,"tensor(2.7592, grad_fn=<MseLossBackward>)",-11.2,6.0
862,,"tensor(4.0126, grad_fn=<MseLossBackward>)",-14.8,5.0
863,,"tensor(3.7276, grad_fn=<MseLossBackward>)",-12.6,5.0
864,,"tensor(3.8722, grad_fn=<MseLossBackward>)",-10.5,11.0
865,,"tensor(4.0551, grad_fn=<MseLossBackward>)",-15.6,6.0
866,,"tensor(3.1276, grad_fn=<MseLossBackward>)",-11.2,6.0
867,,"tensor(3.7218, grad_fn=<MseLossBackward>)",-12.8,5.0
868,,"tensor(2.7848, grad_fn=<MseLossBackward>)",-10.4,5.0
869,,"tensor(3.9690, grad_fn=<MseLossBackward>)",-14.8,5.0
870,,"tensor(4.8481, grad_fn=<MseLossBackward>)",-15.8,6.0
871,,"tensor(3.2409, grad_fn=<MseLossBackward>)",-12.8,5.0
872,,"tensor(4.5492, grad_fn=<MseLossBackward>)",-10.4,5.0
873,,"tensor(2.5014, grad_fn=<MseLossBackward>)",-10.4,5.0
874,,"tensor(2.5031, grad_fn=<MseLossBackward>)",-26.8,21.0
875,,"tensor(3.2928, grad_fn=<MseLossBackward>)",-14.8,5.0
876,,"tensor(3.0795, grad_fn=<MseLossBackward>)",-12.6,5.0
877,,"tensor(2.2081, grad_fn=<MseLossBackward>)",-12.8,5.0
878,,"tensor(2.9125, grad_fn=<MseLossBackward>)",-14.8,5.0
879,,"tensor(3.2161, grad_fn=<MseLossBackward>)",-10.399999999999999,17.0
880,,"tensor(3.5844, grad_fn=<MseLossBackward>)",-12.8,5.0
881,,"tensor(1.0257, grad_fn=<MseLossBackward>)",-13.8,6.0
882,,"tensor(1.8972, grad_fn=<MseLossBackward>)",-14.8,5.0
883,,"tensor(1.8322, grad_fn=<MseLossBackward>)",-14.8,5.0
884,,"tensor(1.8262, grad_fn=<MseLossBackward>)",-8.4,5.0
885,,"tensor(1.1612, grad_fn=<MseLossBackward>)",-15.6,6.0
886,,"tensor(3.1021, grad_fn=<MseLossBackward>)",-11.8,6.0
887,,"tensor(3.0344, grad_fn=<MseLossBackward>)",-16.4,7.0
888,,"tensor(4.3605, grad_fn=<MseLossBackward>)",-10.4,7.0
889,,"tensor(3.3589, grad_fn=<MseLossBackward>)",-8.2,5.0
890,,"tensor(2.8493, grad_fn=<MseLossBackward>)",-17.8,6.0
891,,"tensor(3.6135, grad_fn=<MseLossBackward>)",-9.8,6.0
892,,"tensor(2.8319, grad_fn=<MseLossBackward>)",-14.8,5.0
893,,"tensor(2.8962, grad_fn=<MseLossBackward>)",-12.6,5.0
894,,"tensor(1.7394, grad_fn=<MseLossBackward>)",-12.6,5.0
895,,"tensor(2.0017, grad_fn=<MseLossBackward>)",-14.8,5.0
896,,"tensor(2.5504, grad_fn=<MseLossBackward>)",-15.0,5.0
897,,"tensor(3.0702, grad_fn=<MseLossBackward>)",-15.8,6.0
898,,"tensor(2.5115, grad_fn=<MseLossBackward>)",-11.2,6.0
899,,"tensor(2.3280, grad_fn=<MseLossBackward>)",-15.6,6.0
900,,"tensor(1.2628, grad_fn=<MseLossBackward>)",-14.8,5.0
901,,"tensor(2.5752, grad_fn=<MseLossBackward>)",-14.8,5.0
902,,"tensor(3.5806, grad_fn=<MseLossBackward>)",-10.6,5.0
903,,"tensor(1.9704, grad_fn=<MseLossBackward>)",-12.7,14.0
904,,"tensor(2.7944, grad_fn=<MseLossBackward>)",-8.2,5.0
905,,"tensor(1.8690, grad_fn=<MseLossBackward>)",-15.8,6.0
906,,"tensor(2.9428, grad_fn=<MseLossBackward>)",-10.8,5.0
907,,"tensor(2.5093, grad_fn=<MseLossBackward>)",-12.8,5.0
908,,"tensor(1.7509, grad_fn=<MseLossBackward>)",-10.4,5.0
909,,"tensor(2.6224, grad_fn=<MseLossBackward>)",-10.4,5.0
910,,"tensor(1.7783, grad_fn=<MseLossBackward>)",-12.8,7.0
911,,"tensor(2.6938, grad_fn=<MseLossBackward>)",-8.8,5.0
912,,"tensor(1.0595, grad_fn=<MseLossBackward>)",-8.2,5.0
913,,"tensor(2.5995, grad_fn=<MseLossBackward>)",-12.8,5.0
914,,"tensor(2.2637, grad_fn=<MseLossBackward>)",-14.8,5.0
915,,"tensor(2.4171, grad_fn=<MseLossBackward>)",-10.4,5.0
916,,"tensor(2.0136, grad_fn=<MseLossBackward>)",-8.2,5.0
917,,"tensor(1.7333, grad_fn=<MseLossBackward>)",-17.8,6.0
918,,"tensor(3.3640, grad_fn=<MseLossBackward>)",-17.8,6.0
919,,"tensor(2.0479, grad_fn=<MseLossBackward>)",-10.4,5.0
920,,"tensor(2.8336, grad_fn=<MseLossBackward>)",-14.8,5.0
921,,"tensor(2.0006, grad_fn=<MseLossBackward>)",-20.8,7.0
922,,"tensor(4.2487, grad_fn=<MseLossBackward>)",-14.8,5.0
923,,"tensor(2.2160, grad_fn=<MseLossBackward>)",-11.2,6.0
924,,"tensor(3.1101, grad_fn=<MseLossBackward>)",-14.8,5.0
925,,"tensor(1.5363, grad_fn=<MseLossBackward>)",-16.6,10.0
926,,"tensor(3.2994, grad_fn=<MseLossBackward>)",-14.8,5.0
927,,"tensor(2.5333, grad_fn=<MseLossBackward>)",-17.2,8.0
928,,"tensor(0.9541, grad_fn=<MseLossBackward>)",-10.8,5.0
929,,"tensor(3.8258, grad_fn=<MseLossBackward>)",-20.8,7.0
930,,"tensor(2.8950, grad_fn=<MseLossBackward>)",-12.6,5.0
931,,"tensor(2.6348, grad_fn=<MseLossBackward>)",-10.4,5.0
932,,"tensor(2.0440, grad_fn=<MseLossBackward>)",-10.4,5.0
933,,"tensor(1.5682, grad_fn=<MseLossBackward>)",-8.4,5.0
934,,"tensor(3.3681, grad_fn=<MseLossBackward>)",-12.6,5.0
935,,"tensor(4.3201, grad_fn=<MseLossBackward>)",-10.4,5.0
936,,"tensor(2.8363, grad_fn=<MseLossBackward>)",-4.399999999999999,16.0
937,,"tensor(2.5456, grad_fn=<MseLossBackward>)",-15.6,6.0
938,,"tensor(2.6120, grad_fn=<MseLossBackward>)",-15.8,6.0
939,,"tensor(3.4882, grad_fn=<MseLossBackward>)",-20.4,9.0
940,,"tensor(2.8615, grad_fn=<MseLossBackward>)",-12.8,5.0
941,,"tensor(2.8055, grad_fn=<MseLossBackward>)",-15.6,6.0
942,,"tensor(2.5774, grad_fn=<MseLossBackward>)",-3.4000000000000004,21.0
943,,"tensor(1.4700, grad_fn=<MseLossBackward>)",-15.6,6.0
944,,"tensor(1.5835, grad_fn=<MseLossBackward>)",-12.6,5.0
945,,"tensor(4.0119, grad_fn=<MseLossBackward>)",-10.4,5.0
946,,"tensor(2.1128, grad_fn=<MseLossBackward>)",-14.8,5.0
947,,"tensor(3.0592, grad_fn=<MseLossBackward>)",-14.8,5.0
948,,"tensor(1.4481, grad_fn=<MseLossBackward>)",-10.6,5.0
949,,"tensor(3.1203, grad_fn=<MseLossBackward>)",-16.6,7.0
950,,"tensor(3.5613, grad_fn=<MseLossBackward>)",-14.8,5.0
951,,"tensor(1.5668, grad_fn=<MseLossBackward>)",-12.6,5.0
952,,"tensor(3.4004, grad_fn=<MseLossBackward>)",-14.8,5.0
953,,"tensor(1.6118, grad_fn=<MseLossBackward>)",-12.8,5.0
954,,"tensor(1.8743, grad_fn=<MseLossBackward>)",-14.8,5.0
955,,"tensor(3.7149, grad_fn=<MseLossBackward>)",-14.8,5.0
956,,"tensor(2.2757, grad_fn=<MseLossBackward>)",-14.8,5.0
957,,"tensor(4.0149, grad_fn=<MseLossBackward>)",-10.8,5.0
958,,"tensor(2.7075, grad_fn=<MseLossBackward>)",-18.8,7.0
959,,"tensor(1.4598, grad_fn=<MseLossBackward>)",-14.6,7.0
960,,"tensor(1.7007, grad_fn=<MseLossBackward>)",-8.2,5.0
961,,"tensor(3.6078, grad_fn=<MseLossBackward>)",-14.8,5.0
962,,"tensor(2.2521, grad_fn=<MseLossBackward>)",-14.8,5.0
963,,"tensor(3.4453, grad_fn=<MseLossBackward>)",-14.8,5.0
964,,"tensor(2.1672, grad_fn=<MseLossBackward>)",-15.6,6.0
965,,"tensor(2.9938, grad_fn=<MseLossBackward>)",-14.8,5.0
966,,"tensor(3.1630, grad_fn=<MseLossBackward>)",-14.8,5.0
967,,"tensor(2.2709, grad_fn=<MseLossBackward>)",-3.3,10.0
968,,"tensor(2.6685, grad_fn=<MseLossBackward>)",-14.8,5.0
969,,"tensor(3.2387, grad_fn=<MseLossBackward>)",-14.8,5.0
970,,"tensor(2.8411, grad_fn=<MseLossBackward>)",-11.8,6.0
971,,"tensor(2.2548, grad_fn=<MseLossBackward>)",-15.6,6.0
972,,"tensor(1.7459, grad_fn=<MseLossBackward>)",-17.0,5.0
973,,"tensor(3.7992, grad_fn=<MseLossBackward>)",-14.8,5.0
974,,"tensor(1.9128, grad_fn=<MseLossBackward>)",-14.8,5.0
975,,"tensor(3.6929, grad_fn=<MseLossBackward>)",-14.8,5.0
976,,"tensor(2.6692, grad_fn=<MseLossBackward>)",-12.8,5.0
977,,"tensor(2.2229, grad_fn=<MseLossBackward>)",-17.0,5.0
978,,"tensor(2.3200, grad_fn=<MseLossBackward>)",-8.2,5.0
979,,"tensor(1.6367, grad_fn=<MseLossBackward>)",-14.8,5.0
980,,"tensor(1.9060, grad_fn=<MseLossBackward>)",-12.6,5.0
981,,"tensor(3.1421, grad_fn=<MseLossBackward>)",-18.6,7.0
982,,"tensor(2.5069, grad_fn=<MseLossBackward>)",-14.8,5.0
983,,"tensor(2.4530, grad_fn=<MseLossBackward>)",-14.8,5.0
984,,"tensor(3.1186, grad_fn=<MseLossBackward>)",-12.8,5.0
985,,"tensor(2.0376, grad_fn=<MseLossBackward>)",-12.8,5.0
986,,"tensor(2.0396, grad_fn=<MseLossBackward>)",-12.8,5.0
987,,"tensor(2.4808, grad_fn=<MseLossBackward>)",-12.8,5.0
988,,"tensor(1.8467, grad_fn=<MseLossBackward>)",-14.8,5.0
989,,"tensor(2.3650, grad_fn=<MseLossBackward>)",-8.8,5.0
990,,"tensor(2.8373, grad_fn=<MseLossBackward>)",-14.8,5.0
991,,"tensor(2.0112, grad_fn=<MseLossBackward>)",-8.2,5.0
992,,"tensor(2.6271, grad_fn=<MseLossBackward>)",-15.8,6.0
993,,"tensor(2.0883, grad_fn=<MseLossBackward>)",-14.8,5.0
994,,"tensor(2.4450, grad_fn=<MseLossBackward>)",-10.8,5.0
995,,"tensor(2.2638, grad_fn=<MseLossBackward>)",-9.6,6.0
996,,"tensor(3.4480, grad_fn=<MseLossBackward>)",-17.8,6.0
997,,"tensor(2.4218, grad_fn=<MseLossBackward>)",-14.8,5.0
998,,"tensor(2.2748, grad_fn=<MseLossBackward>)",-8.8,5.0
999,,"tensor(1.6967, grad_fn=<MseLossBackward>)",-10.8,5.0
1000,,"tensor(2.3722, grad_fn=<MseLossBackward>)",-14.8,5.0
1001,,"tensor(1.5806, grad_fn=<MseLossBackward>)",-8.3,11.0
1002,,"tensor(3.5128, grad_fn=<MseLossBackward>)",-13.8,6.0
1003,,"tensor(2.8862, grad_fn=<MseLossBackward>)",-14.8,5.0
1004,,"tensor(2.5894, grad_fn=<MseLossBackward>)",-8.2,5.0
1005,,"tensor(1.0339, grad_fn=<MseLossBackward>)",-8.2,5.0
1006,,"tensor(2.6518, grad_fn=<MseLossBackward>)",-14.8,5.0
1007,,"tensor(1.8475, grad_fn=<MseLossBackward>)",-10.8,5.0
1008,,"tensor(1.7489, grad_fn=<MseLossBackward>)",-14.8,5.0
1009,,"tensor(1.5425, grad_fn=<MseLossBackward>)",-10.4,5.0
1010,,"tensor(3.1573, grad_fn=<MseLossBackward>)",-17.4,8.0
1011,,"tensor(0.8969, grad_fn=<MseLossBackward>)",-10.4,5.0
1012,,"tensor(2.9588, grad_fn=<MseLossBackward>)",-17.8,6.0
1013,,"tensor(2.2370, grad_fn=<MseLossBackward>)",-14.8,5.0
1014,,"tensor(1.3855, grad_fn=<MseLossBackward>)",-12.8,5.0
1015,,"tensor(2.8133, grad_fn=<MseLossBackward>)",-8.2,5.0
1016,,"tensor(2.0337, grad_fn=<MseLossBackward>)",-28.400000000000002,11.0
1017,,"tensor(3.2247, grad_fn=<MseLossBackward>)",-10.4,5.0
1018,,"tensor(3.3939, grad_fn=<MseLossBackward>)",-14.8,5.0
1019,,"tensor(3.9299, grad_fn=<MseLossBackward>)",-14.2,7.0
1020,,"tensor(2.6126, grad_fn=<MseLossBackward>)",-20.8,7.0
1021,,"tensor(0.9959, grad_fn=<MseLossBackward>)",-5.1,10.0
1022,,"tensor(3.0194, grad_fn=<MseLossBackward>)",-18.0,9.0
1023,,"tensor(3.7499, grad_fn=<MseLossBackward>)",-17.8,6.0
1024,,"tensor(2.5675, grad_fn=<MseLossBackward>)",-14.8,5.0
1025,,"tensor(2.8430, grad_fn=<MseLossBackward>)",-20.8,7.0
1026,,"tensor(2.2207, grad_fn=<MseLossBackward>)",-18.5,13.0
1027,,"tensor(3.3554, grad_fn=<MseLossBackward>)",-12.8,5.0
1028,,"tensor(2.5222, grad_fn=<MseLossBackward>)",-10.6,5.0
1029,,"tensor(4.0758, grad_fn=<MseLossBackward>)",-8.2,5.0
1030,,"tensor(2.7194, grad_fn=<MseLossBackward>)",-13.8,6.0
1031,,"tensor(2.1031, grad_fn=<MseLossBackward>)",-9.8,6.0
1032,,"tensor(3.5901, grad_fn=<MseLossBackward>)",-12.8,5.0
1033,,"tensor(4.0804, grad_fn=<MseLossBackward>)",-14.8,5.0
1034,,"tensor(1.7815, grad_fn=<MseLossBackward>)",-10.4,5.0
1035,,"tensor(3.2184, grad_fn=<MseLossBackward>)",-12.8,5.0
1036,,"tensor(2.6660, grad_fn=<MseLossBackward>)",-9.0,5.0
1037,,"tensor(3.4301, grad_fn=<MseLossBackward>)",-14.8,5.0
1038,,"tensor(1.6835, grad_fn=<MseLossBackward>)",-17.8,6.0
1039,,"tensor(2.3226, grad_fn=<MseLossBackward>)",-14.8,5.0
1040,,"tensor(3.4394, grad_fn=<MseLossBackward>)",-19.5,14.0
1041,,"tensor(3.8430, grad_fn=<MseLossBackward>)",-14.4,7.0
1042,,"tensor(2.5023, grad_fn=<MseLossBackward>)",-15.899999999999999,12.0
1043,,"tensor(4.0860, grad_fn=<MseLossBackward>)",-8.8,5.0
1044,,"tensor(2.5929, grad_fn=<MseLossBackward>)",-14.8,5.0
1045,,"tensor(2.1831, grad_fn=<MseLossBackward>)",-10.8,5.0
1046,,"tensor(3.0027, grad_fn=<MseLossBackward>)",-16.8,7.0
1047,,"tensor(3.1420, grad_fn=<MseLossBackward>)",-12.8,5.0
1048,,"tensor(2.0310, grad_fn=<MseLossBackward>)",-14.8,5.0
1049,,"tensor(3.3833, grad_fn=<MseLossBackward>)",-12.8,5.0
1050,,"tensor(3.0368, grad_fn=<MseLossBackward>)",-10.8,5.0
1051,,"tensor(1.3204, grad_fn=<MseLossBackward>)",-12.8,5.0
1052,,"tensor(3.6402, grad_fn=<MseLossBackward>)",-10.8,5.0
1053,,"tensor(2.9637, grad_fn=<MseLossBackward>)",-12.8,5.0
1054,,"tensor(4.1521, grad_fn=<MseLossBackward>)",-15.2,8.0
1055,,"tensor(2.1883, grad_fn=<MseLossBackward>)",-12.2,7.0
1056,,"tensor(2.6615, grad_fn=<MseLossBackward>)",-17.8,6.0
1057,,"tensor(3.7553, grad_fn=<MseLossBackward>)",-12.8,5.0
1058,,"tensor(3.3025, grad_fn=<MseLossBackward>)",-14.8,5.0
1059,,"tensor(2.8043, grad_fn=<MseLossBackward>)",-15.8,6.0
1060,,"tensor(3.7957, grad_fn=<MseLossBackward>)",-10.4,5.0
1061,,"tensor(3.8194, grad_fn=<MseLossBackward>)",-15.0,5.0
1062,,"tensor(2.7432, grad_fn=<MseLossBackward>)",-13.8,6.0
1063,,"tensor(3.7243, grad_fn=<MseLossBackward>)",-10.4,5.0
1064,,"tensor(3.6891, grad_fn=<MseLossBackward>)",-14.8,5.0
1065,,"tensor(1.8791, grad_fn=<MseLossBackward>)",-3.0,16.0
1066,,"tensor(3.1873, grad_fn=<MseLossBackward>)",-14.8,5.0
1067,,"tensor(2.8705, grad_fn=<MseLossBackward>)",-10.8,5.0
1068,,"tensor(2.8749, grad_fn=<MseLossBackward>)",-12.5,11.0
1069,,"tensor(3.8807, grad_fn=<MseLossBackward>)",-15.6,6.0
1070,,"tensor(3.0936, grad_fn=<MseLossBackward>)",-12.6,5.0
1071,,"tensor(3.3860, grad_fn=<MseLossBackward>)",-18.0,6.0
1072,,"tensor(3.4276, grad_fn=<MseLossBackward>)",-17.8,6.0
1073,,"tensor(1.9425, grad_fn=<MseLossBackward>)",-14.8,5.0
1074,,"tensor(3.3042, grad_fn=<MseLossBackward>)",-14.600000000000001,22.0
1075,,"tensor(2.1151, grad_fn=<MseLossBackward>)",-12.7,11.0
1076,,"tensor(2.4278, grad_fn=<MseLossBackward>)",-10.5,11.0
1077,,"tensor(1.6244, grad_fn=<MseLossBackward>)",-10.8,5.0
1078,,"tensor(2.9716, grad_fn=<MseLossBackward>)",-18.6,7.0
1079,,"tensor(4.6770, grad_fn=<MseLossBackward>)",-10.8,5.0
1080,,"tensor(2.5184, grad_fn=<MseLossBackward>)",-10.6,5.0
1081,,"tensor(3.9120, grad_fn=<MseLossBackward>)",-12.6,5.0
1082,,"tensor(3.4591, grad_fn=<MseLossBackward>)",-12.0,6.0
1083,,"tensor(2.8880, grad_fn=<MseLossBackward>)",-9.8,6.0
1084,,"tensor(4.5536, grad_fn=<MseLossBackward>)",-12.6,5.0
1085,,"tensor(3.1141, grad_fn=<MseLossBackward>)",-14.8,5.0
1086,,"tensor(4.5562, grad_fn=<MseLossBackward>)",-14.8,5.0
1087,,"tensor(9.3050, grad_fn=<MseLossBackward>)",-11.8,6.0
1088,,"tensor(4.9007, grad_fn=<MseLossBackward>)",-14.8,5.0
1089,,"tensor(2.7888, grad_fn=<MseLossBackward>)",-10.8,5.0
1090,,"tensor(3.6515, grad_fn=<MseLossBackward>)",-10.8,5.0
1091,,"tensor(3.1905, grad_fn=<MseLossBackward>)",-21.0,10.0
1092,,"tensor(6.2657, grad_fn=<MseLossBackward>)",-13.0,5.0
1093,,"tensor(4.4536, grad_fn=<MseLossBackward>)",-10.6,5.0
1094,,"tensor(1.7322, grad_fn=<MseLossBackward>)",-12.6,5.0
1095,,"tensor(2.9854, grad_fn=<MseLossBackward>)",-14.8,5.0
1096,,"tensor(4.1321, grad_fn=<MseLossBackward>)",-17.2,8.0
1097,,"tensor(4.6995, grad_fn=<MseLossBackward>)",-18.6,7.0
1098,,"tensor(3.3019, grad_fn=<MseLossBackward>)",-14.8,5.0
1099,,"tensor(5.2296, grad_fn=<MseLossBackward>)",-15.8,6.0
1100,,"tensor(3.3500, grad_fn=<MseLossBackward>)",-8.8,5.0
1101,,"tensor(4.2937, grad_fn=<MseLossBackward>)",-10.8,5.0
1102,,"tensor(4.3148, grad_fn=<MseLossBackward>)",-12.8,5.0
1103,,"tensor(3.5350, grad_fn=<MseLossBackward>)",-12.8,7.0
1104,,"tensor(3.6031, grad_fn=<MseLossBackward>)",-10.4,5.0
1105,,"tensor(3.2684, grad_fn=<MseLossBackward>)",-10.6,5.0
1106,,"tensor(6.5210, grad_fn=<MseLossBackward>)",-10.4,5.0
1107,,"tensor(3.8134, grad_fn=<MseLossBackward>)",-13.6,6.0
1108,,"tensor(3.8680, grad_fn=<MseLossBackward>)",-14.8,5.0
1109,,"tensor(4.5675, grad_fn=<MseLossBackward>)",-14.8,5.0
1110,,"tensor(3.8702, grad_fn=<MseLossBackward>)",-10.6,5.0
1111,,"tensor(2.9787, grad_fn=<MseLossBackward>)",-8.4,5.0
1112,,"tensor(4.3407, grad_fn=<MseLossBackward>)",-17.8,6.0
1113,,"tensor(3.4404, grad_fn=<MseLossBackward>)",-8.4,5.0
1114,,"tensor(4.4124, grad_fn=<MseLossBackward>)",-14.8,5.0
1115,,"tensor(2.0992, grad_fn=<MseLossBackward>)",-10.4,5.0
1116,,"tensor(3.3313, grad_fn=<MseLossBackward>)",-17.8,6.0
1117,,"tensor(3.0127, grad_fn=<MseLossBackward>)",-11.8,6.0
1118,,"tensor(4.8807, grad_fn=<MseLossBackward>)",-15.6,6.0
1119,,"tensor(3.2059, grad_fn=<MseLossBackward>)",-14.8,5.0
1120,,"tensor(3.9908, grad_fn=<MseLossBackward>)",-17.8,6.0
1121,,"tensor(3.3633, grad_fn=<MseLossBackward>)",-16.6,7.0
1122,,"tensor(4.3070, grad_fn=<MseLossBackward>)",-12.8,5.0
1123,,"tensor(2.2113, grad_fn=<MseLossBackward>)",-13.0,5.0
1124,,"tensor(3.2195, grad_fn=<MseLossBackward>)",-14.8,5.0
1125,,"tensor(3.4819, grad_fn=<MseLossBackward>)",-14.8,5.0
1126,,"tensor(3.7263, grad_fn=<MseLossBackward>)",-14.8,5.0
1127,,"tensor(4.2182, grad_fn=<MseLossBackward>)",-12.8,5.0
1128,,"tensor(2.3341, grad_fn=<MseLossBackward>)",-12.0,6.0
1129,,"tensor(2.3568, grad_fn=<MseLossBackward>)",-14.8,5.0
1130,,"tensor(4.5949, grad_fn=<MseLossBackward>)",-10.8,5.0
1131,,"tensor(2.8778, grad_fn=<MseLossBackward>)",-12.8,5.0
1132,,"tensor(2.8930, grad_fn=<MseLossBackward>)",-8.4,5.0
1133,,"tensor(4.6383, grad_fn=<MseLossBackward>)",-12.0,7.0
1134,,"tensor(2.2335, grad_fn=<MseLossBackward>)",-8.8,5.0
1135,,"tensor(3.0274, grad_fn=<MseLossBackward>)",-10.8,5.0
1136,,"tensor(3.6378, grad_fn=<MseLossBackward>)",-10.8,5.0
1137,,"tensor(4.2023, grad_fn=<MseLossBackward>)",-13.0,5.0
1138,,"tensor(5.7401, grad_fn=<MseLossBackward>)",-10.4,5.0
1139,,"tensor(2.9177, grad_fn=<MseLossBackward>)",-14.4,7.0
1140,,"tensor(2.4789, grad_fn=<MseLossBackward>)",-8.4,5.0
1141,,"tensor(1.8641, grad_fn=<MseLossBackward>)",-14.0,6.0
1142,,"tensor(3.5975, grad_fn=<MseLossBackward>)",-12.8,5.0
1143,,"tensor(3.7488, grad_fn=<MseLossBackward>)",-16.5,13.0
1144,,"tensor(3.5512, grad_fn=<MseLossBackward>)",-8.2,5.0
1145,,"tensor(3.7731, grad_fn=<MseLossBackward>)",-8.8,5.0
1146,,"tensor(3.1685, grad_fn=<MseLossBackward>)",-14.6,7.0
1147,,"tensor(3.4076, grad_fn=<MseLossBackward>)",-11.2,18.0
1148,,"tensor(4.0238, grad_fn=<MseLossBackward>)",-13.8,6.0
1149,,"tensor(3.4719, grad_fn=<MseLossBackward>)",-10.8,5.0
1150,,"tensor(2.0170, grad_fn=<MseLossBackward>)",-11.0,5.0
1151,,"tensor(3.0208, grad_fn=<MseLossBackward>)",-15.6,6.0
1152,,"tensor(2.9136, grad_fn=<MseLossBackward>)",-14.8,5.0
1153,,"tensor(1.9424, grad_fn=<MseLossBackward>)",-14.899999999999999,11.0
1154,,"tensor(4.2875, grad_fn=<MseLossBackward>)",-8.8,5.0
1155,,"tensor(2.8615, grad_fn=<MseLossBackward>)",-9.0,5.0
1156,,"tensor(2.7721, grad_fn=<MseLossBackward>)",-12.8,5.0
1157,,"tensor(3.1768, grad_fn=<MseLossBackward>)",-10.4,5.0
1158,,"tensor(3.1948, grad_fn=<MseLossBackward>)",-8.8,5.0
1159,,"tensor(2.0051, grad_fn=<MseLossBackward>)",-14.0,6.0
1160,,"tensor(1.6814, grad_fn=<MseLossBackward>)",-15.6,6.0
1161,,"tensor(5.3285, grad_fn=<MseLossBackward>)",-10.6,5.0
1162,,"tensor(3.3946, grad_fn=<MseLossBackward>)",-17.8,6.0
1163,,"tensor(1.9220, grad_fn=<MseLossBackward>)",-12.8,5.0
1164,,"tensor(2.6782, grad_fn=<MseLossBackward>)",-17.8,6.0
1165,,"tensor(1.7660, grad_fn=<MseLossBackward>)",-8.2,5.0
1166,,"tensor(3.2181, grad_fn=<MseLossBackward>)",-8.600000000000001,19.0
1167,,"tensor(1.5933, grad_fn=<MseLossBackward>)",-14.8,5.0
1168,,"tensor(2.7564, grad_fn=<MseLossBackward>)",-10.8,5.0
1169,,"tensor(2.5563, grad_fn=<MseLossBackward>)",-8.8,5.0
1170,,"tensor(2.8224, grad_fn=<MseLossBackward>)",-19.4,8.0
1171,,"tensor(3.5023, grad_fn=<MseLossBackward>)",-8.8,5.0
1172,,"tensor(3.2880, grad_fn=<MseLossBackward>)",-10.6,5.0
1173,,"tensor(2.9404, grad_fn=<MseLossBackward>)",-10.8,5.0
1174,,"tensor(2.1426, grad_fn=<MseLossBackward>)",-14.8,5.0
1175,,"tensor(2.9730, grad_fn=<MseLossBackward>)",-10.4,5.0
1176,,"tensor(2.5310, grad_fn=<MseLossBackward>)",-14.8,5.0
1177,,"tensor(3.3954, grad_fn=<MseLossBackward>)",-14.8,5.0
1178,,"tensor(3.2161, grad_fn=<MseLossBackward>)",-11.8,6.0
1179,,"tensor(1.6737, grad_fn=<MseLossBackward>)",-15.8,6.0
1180,,"tensor(4.1873, grad_fn=<MseLossBackward>)",-10.3,11.0
1181,,"tensor(2.7485, grad_fn=<MseLossBackward>)",-11.2,6.0
1182,,"tensor(2.1814, grad_fn=<MseLossBackward>)",-16.4,20.0
1183,,"tensor(1.5991, grad_fn=<MseLossBackward>)",-11.2,6.0
1184,,"tensor(3.1612, grad_fn=<MseLossBackward>)",-12.6,5.0
1185,,"tensor(2.4901, grad_fn=<MseLossBackward>)",-12.8,5.0
1186,,"tensor(2.7200, grad_fn=<MseLossBackward>)",-8.8,5.0
1187,,"tensor(2.4217, grad_fn=<MseLossBackward>)",-17.8,6.0
1188,,"tensor(2.0812, grad_fn=<MseLossBackward>)",-7.1,22.0
1189,,"tensor(2.6859, grad_fn=<MseLossBackward>)",-10.8,5.0
1190,,"tensor(2.2505, grad_fn=<MseLossBackward>)",-9.2,6.0
1191,,"tensor(2.0326, grad_fn=<MseLossBackward>)",-12.9,11.0
1192,,"tensor(1.2636, grad_fn=<MseLossBackward>)",-18.2,9.0
1193,,"tensor(2.0332, grad_fn=<MseLossBackward>)",-10.8,5.0
1194,,"tensor(2.8242, grad_fn=<MseLossBackward>)",-8.2,5.0
1195,,"tensor(4.4909, grad_fn=<MseLossBackward>)",-18.8,7.0
1196,,"tensor(2.4365, grad_fn=<MseLossBackward>)",-14.8,5.0
1197,,"tensor(4.4743, grad_fn=<MseLossBackward>)",-13.399999999999999,6.0
1198,,"tensor(1.5850, grad_fn=<MseLossBackward>)",-14.8,5.0
1199,,"tensor(1.4867, grad_fn=<MseLossBackward>)",-10.8,5.0
1200,,"tensor(2.5939, grad_fn=<MseLossBackward>)",-10.3,11.0
1201,,"tensor(2.5705, grad_fn=<MseLossBackward>)",-11.6,6.0
1202,,"tensor(3.4169, grad_fn=<MseLossBackward>)",-13.8,6.0
1203,,"tensor(1.9816, grad_fn=<MseLossBackward>)",-11.2,6.0
1204,,"tensor(3.3398, grad_fn=<MseLossBackward>)",-10.8,5.0
1205,,"tensor(2.3261, grad_fn=<MseLossBackward>)",-17.8,6.0
1206,,"tensor(1.7785, grad_fn=<MseLossBackward>)",-26.8,9.0
1207,,"tensor(1.5198, grad_fn=<MseLossBackward>)",-10.4,5.0
1208,,"tensor(1.8211, grad_fn=<MseLossBackward>)",-8.2,5.0
1209,,"tensor(1.2694, grad_fn=<MseLossBackward>)",-12.6,5.0
1210,,"tensor(2.5564, grad_fn=<MseLossBackward>)",-14.4,7.0
1211,,"tensor(1.4245, grad_fn=<MseLossBackward>)",-12.8,5.0
1212,,"tensor(2.2159, grad_fn=<MseLossBackward>)",-10.4,5.0
1213,,"tensor(3.0954, grad_fn=<MseLossBackward>)",-8.2,5.0
1214,,"tensor(3.7928, grad_fn=<MseLossBackward>)",-23.8,8.0
1215,,"tensor(0.9931, grad_fn=<MseLossBackward>)",-14.8,5.0
1216,,"tensor(2.0688, grad_fn=<MseLossBackward>)",-8.4,5.0
1217,,"tensor(2.4728, grad_fn=<MseLossBackward>)",-18.6,7.0
1218,,"tensor(1.8879, grad_fn=<MseLossBackward>)",-12.8,5.0
1219,,"tensor(2.0208, grad_fn=<MseLossBackward>)",-8.8,5.0
1220,,"tensor(3.0239, grad_fn=<MseLossBackward>)",-12.8,5.0
1221,,"tensor(3.7232, grad_fn=<MseLossBackward>)",-12.8,5.0
1222,,"tensor(2.0363, grad_fn=<MseLossBackward>)",-10.8,8.0
1223,,"tensor(3.7046, grad_fn=<MseLossBackward>)",-15.599999999999998,19.0
1224,,"tensor(2.5135, grad_fn=<MseLossBackward>)",-15.6,6.0
1225,,"tensor(2.3281, grad_fn=<MseLossBackward>)",-8.2,5.0
1226,,"tensor(1.5334, grad_fn=<MseLossBackward>)",-10.4,5.0
1227,,"tensor(1.8900, grad_fn=<MseLossBackward>)",-11.399999999999999,18.0
1228,,"tensor(2.9130, grad_fn=<MseLossBackward>)",-14.8,5.0
1229,,"tensor(1.1075, grad_fn=<MseLossBackward>)",-12.0,7.0
1230,,"tensor(2.0183, grad_fn=<MseLossBackward>)",-10.4,5.0
1231,,"tensor(1.9854, grad_fn=<MseLossBackward>)",-14.8,5.0
1232,,"tensor(1.3424, grad_fn=<MseLossBackward>)",-12.8,5.0
1233,,"tensor(2.5913, grad_fn=<MseLossBackward>)",-13.8,6.0
1234,,"tensor(2.1477, grad_fn=<MseLossBackward>)",-16.6,7.0
1235,,"tensor(1.5344, grad_fn=<MseLossBackward>)",-16.4,7.0
1236,,"tensor(1.8109, grad_fn=<MseLossBackward>)",-13.6,6.0
1237,,"tensor(2.6288, grad_fn=<MseLossBackward>)",-10.2,7.0
1238,,"tensor(2.4894, grad_fn=<MseLossBackward>)",-17.0,5.0
1239,,"tensor(3.2650, grad_fn=<MseLossBackward>)",-12.6,5.0
1240,,"tensor(2.9327, grad_fn=<MseLossBackward>)",-8.2,5.0
1241,,"tensor(1.4950, grad_fn=<MseLossBackward>)",-10.4,5.0
1242,,"tensor(2.7439, grad_fn=<MseLossBackward>)",-14.8,5.0
1243,,"tensor(3.0214, grad_fn=<MseLossBackward>)",-14.8,5.0
1244,,"tensor(3.3098, grad_fn=<MseLossBackward>)",-11.8,6.0
1245,,"tensor(3.0581, grad_fn=<MseLossBackward>)",-14.8,5.0
1246,,"tensor(3.1879, grad_fn=<MseLossBackward>)",-14.4,7.0
1247,,"tensor(1.0035, grad_fn=<MseLossBackward>)",-15.6,6.0
1248,,"tensor(3.0007, grad_fn=<MseLossBackward>)",-12.8,8.0
1249,,"tensor(3.6090, grad_fn=<MseLossBackward>)",-11.8,6.0
1250,,"tensor(2.5588, grad_fn=<MseLossBackward>)",-8.2,5.0
